Название товара,Цена
Диван Нумо Мини Textile Silver,22990
Диван Нумо Мини Textile Sky,22990
Диван Нумо Мини Textile Navy Blue,22990
Диван Нумо Мини Textile Light,22990
Диван Нумо Мини Textile Grafit,22990
Диван Нумо Мини Textile Yellow,22990
Диван Нумо Velvet Yellow,35990
Диван Нумо Velvet Grey,35990
Диван Нумо Velvet Latte,35990
Диван Нумо Velvet Light,35990
Диван Нумо Velvet Pink,35990
Диван Нумо Velvet Grafit,35990
Диван Нумо Velvet Emerald,35990
Диван Нумо Velvet Green,35990
Диван Бонс-Т Happy Mint,39990
Диван Бонс-Т Happy Grey,39990
Диван Бонс-Т Happy Light,39990
Диван Бонс-Т Happy Emerald,39990
Диван Бонс-Т Happy Deep Ocean,39990
Диван Бонс-Т Cozy Ivory,52990
Диван Бонс-Т Happy Yellow,39990
Диван Льери Мини Velvet Emerald,56990
Диван Льери Мини Velvet Atlantic,56990
Диван Льери Мини Velvet Light,56990
Диван Льери Мини Velvet Coral,56990
Диван Льери Мини Velvet Grey,56990
Диван Льери Мини Bucle White,66990
Диван Льери Мини Velvet Yellow,56990
Диван Кейсес Velvet Navy Blue,24990
Диван Кейсес Velvet Pink,24990
Диван Кейсес Velvet Yellow,24990
Диван Кейсес Velvet Latte,24990
Диван Кейсес Velvet Grey,24990
Диван Кейсес Velvet Grafit,24990
Диван Кейсес Velvet Olive,24990
Диван Слипсон Velvet Milk,56990
Диван Слипсон Velvet Silver,56990
Диван Слипсон Velvet Olive,56990
Диван Слипсон Velvet Honey,56990
Диван Слипсон Happy Grafit,56990
Диван Слипсон Velvet Plum,56990
Диван Слипсон Velvet Emerald,56990
Диван Рейли Velvet Emerald,30990
Диван Рейли Velvet Coral,30990
Диван Рейли Velvet Silver,30990
Диван Рейли Velvet Mint,30990
Диван Рейли Velvet Grey,30990
Диван Рейли Velvet Yellow,30990
Диван Рейли Velvet Light,30990
Диван Тут Рядом Космос Светло-Бежевый,109990
Диван Тут Рядом Космос Серый,109990
Диван Тут Рядом Космос Графитовый,109990
Диван Тут Рядом Космос Бежевый,109990
Диван Тут Рядом Космос Синий,109990
Диван Тут Рядом Космос Желтый,109990
Диван Эби Happy Mint,59990
Диван Эби Gene Ocean,62990
Диван Эби Velvet Light,62990
Диван Эби Velvet Coral,62990
Диван Эби Happy Yellow,62990
Диван Эби Happy Grey,62990
Диван Эби Soft Grafit,89990
Диван Маркфул Velvet Grey,59990
Диван Маркфул Velvet Ocean,59990
Диван Маркфул Velvet Yellow,59990
Диван Маркфул Velvet Coral,59990
Диван Маркфул Velvet Blue,59990
Диван Маркфул Velvet Emerald,59990
Диван Маркфул Velvet Light,59990
Диван Лачи Velvet Emerald,29990
Диван Лачи Velvet Silver,29990
Диван Лачи Velvet Navy Blue,29990
Диван Лачи Velvet Pink,29990
Диван Лачи Velvet Grafit,29990
Диван Лачи Velvet Beige,29990
Диван Лачи Velvet Yellow,29990
Диван Лилле Velvet Light,46990
Диван Лилле Velvet Terra,46990
Диван Лилле Velvet Stone,46990
Диван Лилле Velvet Emerald,46990
Диван Лилле Velvet Atlantic,46990
Диван Лилле Velvet Grey,46990
Диван Ольен Velvet Olive,64990
Диван Ольен Velvet Silver,64990
Диван Ольен Velvet Beige,64990
Диван Ольен Velvet Terra,64990
Диван Ольен Happy Grafit,64990
Диван Ольен Velvet Latte,64990
Диван Ольен Velvet Navy Blue,64990
Диван Льери Barhat Emerald,79990
Диван Льери Barhat Gold,79990
Диван Льери Barhat Mint,74990
Диван Льери Barhat Ginger,79990
Диван Льери Barhat Blue,74990
Диван Льери Barhat Beige,79990
Диван Викс Textile Sky,21990
Диван Викс Textile Yellow,21990
Диван Викс Textile Light,21990
Диван Викс Textile Grafit,21990
Диван Викс Textile Silver,21990
Диван Ситено Barhat Light,54990
Диван Ситено Barhat Emerald,54990
Диван Ситено Barhat Mint,54990
Диван Ситено Barhat Blue,54990
Диван Ситено Barhat Gold,54990
Диван Ситено Barhat Ginger,54990
Диван Данста Textile Silver,74990
Диван Данста Velvet Mint,59990
Диван Данста Textile Honey,74990
Диван Данста Textile Night,74990
Диван Данста Textile Gold,74990
Диван Данста Velvet Light,59990
Диван Данста Velvet Smoke,59990
Диван Тут Рядом Дом Желтый,72990
Диван Тут Рядом Дом Оранжевый,72990
Диван Тут Рядом Дом Розовый,72990
Диван Тут Рядом Дом Сине-бежевый,72990
Диван Тут Рядом Дом Серо-графитовый,72990
Диван Тут Рядом Дом Зеленый,72990
Диван Тут Рядом Дом Синий,72990
Диван Слипсон Мини Linia Lavender,54990
Диван Слипсон Мини Linia Beige,54990
Диван Слипсон Мини Linia Yellow,54990
Диван Слипсон Мини Linia Ginger,54990
Диван Слипсон Мини Linia Silver,54990
Диван Слипсон Мини Linia Grafit,54990
Диван Слипсон Мини Linia Olive,54990
Диван Саннес Velvet Light,46990
Диван Саннес Velvet Grey,46990
Диван Саннес Velvet Terra,46990
Диван Саннес Velvet Silver,46990
Диван Саннес Velvet Mint,46990
Диван Саннес Velvet Olive,46990
Диван Лофт Linia Nut,39990
Диван Лофт Linia Stone,39990
Диван Лофт Linia Navy Blue,39990
Диван Лофт Linia Ginger,39990
Диван Лофт Linia Vanil,39990
Диван Лофт Linia Silver,39990
Диван Лофт Linia Yellow,39990
Диван Лофт Linia Olive,39990
Диван Эби Мини Linia Navy,54990
Диван Эби Мини Linia Beige,54990
Диван Эби Мини Linia Yellow,54990
Диван Эби Мини Linia Mint,54990
Диван Эби Мини Linia Silver,54990
Диван Эби Мини Linia Stone,54990
Диван Линс Velvet Grafit,29990
Диван Линс Velvet Grey,29990
Диван Линс Velvet Navy Blue,29990
Диван Линс Velvet Emerald,29990
Диван Линс Velvet Pink,29990
Диван Линс Velvet Latte,29990
Диван Линс Velvet Yellow,29990
Диван Сваут Velvet Terra,64990
Диван Сваут Velvet Emerald,64990
Диван Сваут Velvet Grey,64990
Диван Сваут Velvet Beige,64990
Диван Сваут Velvet Moss,64990
Диван Сваут Velvet Ocean,64990
Диван Сваут Velvet Mustard,64990
Диван Виена Velvet Corall,59990
Диван Виена Velvet Smoke,59990
Диван Виена Velvet Light,59990
Диван Виена Bucle Silver,79990
Диван Виена Velvet Blue,59990
Диван Виена Velvet Olive,62990
Диван Виена Bucle Beige,79990
Диван Бруквиль Velvet Grey,46990
Диван Бруквиль Velvet Olive,46990
Диван Бруквиль Velvet Blue,46990
Диван Бруквиль Velvet Smoke,46990
Диван Бруквиль Velvet Terra,46990
Диван Бруквиль Velvet Beige,46990
Диван Бруквиль Cozy Ivory,62990
Диван Бонент Velvet Light,69990
Диван Бонент Velvet Grey,69990
Диван Бонент Velvet Terra,69990
Диван Бонент Velvet Smoke,69990
Диван Бонент Velvet Eclipse,69990
Диван Бонент Velvet Moss,69990
Диван Бонент Velvet Plum,69990
Диван Brera-4 Velour Cherry,72990
Диван Brera-4 Velour Mix,72990
Диван Brera-4 Velour Olive,72990
Диван Brera-4 Velour Smoke,72990
Диван Brera-4 Velour Caramel,72990
Диван Brera-4 Velour Forest,72990
Диван Ларонсо Soft Blue,76990
Диван Ларонсо Soft Silver,76990
Диван Ларонсо Soft Latte,76990
Диван Ларонсо Bucle Shadow,86990
Диван Ларонсо Textile Grafit,86990
Диван Ларонсо Bucle White,86990
Диван Динс Мини Velvet Silver,46990
Диван Динс Мини Velvet Emerald,46990
Диван Динс Мини Velvet Latte,46990
Диван Динс Мини Velvet Yellow,46990
Диван Динс Мини Velvet Lime,46990
Диван Динс Мини Velvet Red,46990
Диван Динс Мини Velvet Grey,46990
Диван Динс Мини Velvet Navy Blue,46990
Диван Дисент Velvet Stone,76990
Диван Дисент Velvet Smoke,76990
Диван Дисент Bucle White,89990
Диван Дисент Land Light,89990
Диван Дисент Time Ocean,76990
Диван Дисент Velvet Corall,76990
Диван Дисент Velvet Emerald,76990
Диван Кела Мини Velvet Silver,36990
Диван Кела Мини Velvet Olive,36990
Диван Кела Мини Velvet Grafit,36990
Диван Кела Мини Velvet Beige,36990
Диван Кела Мини Velvet Yellow,36990
Диван Кела Мини Velvet Navy Blue,36990
Диван Стаус Velvet Caramel,29990
Диван Стаус Velvet Grey,29990
Диван Стаус Velvet Smoke,29990
Диван Стаус Velvet Olive,29990
Диван Стаус Velvet Terra,29990
Диван Стаус Velvet Blue,29990
Диван Стаус Velvet Stone,29990
Диван Арил Velvet Emerald,44990
Диван Арил Velvet Pink,44990
Диван Арил Velvet Grey,44990
Диван Арил Velvet Grafit,44990
Диван Арил Velvet Yellow,44990
Диван Арил Velvet Navy Blue,44990
Диван Арил Velvet Latte,44990
Диван Роттердам-3 Velvet Grey,30990
Диван Роттердам-3 Velvet Black,30990
Диван Роттердам-3 Velvet Pink,30990
Диван Роттердам-3 Velvet Light,30990
Диван Роттердам-3 Velvet Yellow,30990
Диван Роттердам-3 Velvet Green,30990
Диван Лейсон Velvet Coral,49990
Диван Лейсон Velvet Smoke,49990
Диван Лейсон Velvet Blue,49990
Диван Лейсон Velvet Yellow,49990
Диван Лейсон Velvet Mint,49990
Диван Лейсон Velvet Stone,49990
Диван Лейсон Velvet Beige,49990
Диван Хевит Velvet Beige,36990
Диван Хевит Velvet Yellow,36990
Диван Хевит Velvet Olive,36990
Диван Хевит Velvet Smoke,36990
Диван Хевит Velvet Terra,36990
Диван Хевит Velvet Eclipse,36990
Диван Коренс Happy Yellow,29990
Диван Коренс Happy Grey,29990
Диван Коренс Happy Mint,29990
Диван Коренс Happy Grafit,29990
Диван Коренс Happy Light,29990
Диван Мира Velvet Latte,30990
Диван Мира Velvet Grey,30990
Диван Мира Velvet Yellow,30990
Диван Мира Velvet Pink,30990
Диван Мира Velvet Navy Blue,30990
Диван Мира Velvet Light,30990
Диван Мира Velvet Olive,30990
Диван Байвин Soft Olive,66990
Диван Байвин Soft Latte,66990
Диван Байвин Soft Gold,66990
Диван Байвин Soft Navy Blue,66990
Диван Байвин Soft Ginger,66990
Диван Байвин Soft Grey,66990
Диван Байвин Soft Light,66990
Диван Байма Velvet Plum,69990
Диван Байма Velvet Olive,69990
Диван Байма Velvet Terra,69990
Диван Байма Velvet Beige,69990
Диван Байма Velvet Grey,69990
Диван Байма Velvet Milk,69990
Диван Байма Velvet Navy Blue,69990
Диван Виенсо Bucle Ginger,76990
Диван Виенсо Cozy Beige,69990
Диван Виенсо Bucle Cloud,69990
Диван Виенсо Bucle Smoky,69990
Диван Виенсо Bucle Milk,76990
Диван Виенсо Bucle Grey,76990
Диван Виенсо Bucle Sand,76990
Диван Марей Soft Navy Blue,89990
Диван Марей Soft Latte,89990
Диван Марей Soft Ginger,89990
Диван Марей Soft Grey,89990
Диван Марей Soft Gold,89990
Диван Марей Soft Olive,89990
Диван Марей Soft Light,89990
Диван Мисл Barhat Stone,69990
Диван Мисл Barhat Gold,69990
Диван Мисл Barhat Emerald,69990
Диван Мисл Barhat Melon,69990
Диван Мисл Barhat White,69990
Диван Мисл Barhat Beige,69990
Диван Мисл Barhat Marsala,69990
Диван Биани Bucle Beige,76990
Диван Биани Barhat Olive,66990
Диван Биани Barhat Latte,66990
Диван Биани Cozy Ivory,76990
Диван Биани Barhat Blue,66990
Диван Биани Barhat Night,66990
Диван Биани Barhat Ginger,66990
Диван Биани Barhat Smoke,66990
Диван Сите-2 Barhat Beige,26990
Диван Сорен Textile Navy Blue,59990
Диван Сорен Textile Yellow,59990
Диван Сорен Textile Light,59990
Диван Сорен Textile Ocean,59990
Диван Сорен Textile Grey,59990
Диван Сорен Textile Plum,59990
Диван Рон Textile Ocean,52990
Диван Рон Textile Grafit,52990
Диван Рон Textile Light,52990
Диван Рон Textile Yellow,52990
Диван Рон Textile Beige,52990
Диван Рон Textile Plum,52990
Диван Рон Textile Grey,52990
Диван Кускен Vertiсal Lavender,44990
Диван Кускен Velvet Red,44990
Диван Кускен Velvet Grey,44990
Диван Кускен Velvet Mint,44990
Диван Кускен Velvet Yellow,44990
Диван Кускен Velvet Sand,44990
Диван Кускен Vertiсal Jeans,44990
Диван Шилдс Bucle Marble,72990
Диван Шилдс Textile Azure,72990
Диван Шилдс Bucle Silver,72990
Диван Шилдс Textile Ginger,72990
Диван Шилдс Bucle Latte,72990
Диван Шилдс Textile Night,72990
Диван Кареро Bucle Lilak,76990
Диван Кареро Bucle Mint,76990
Диван Кареро Bucle Silver,76990
Диван Кареро Velvet Light,69990
Диван Кареро Time Grey,69990
Диван Кареро Bucle Beige,76990
Диван Кареро Bucle Pink,76990
Диван Массе Velvet Mint,59990
Диван Массе Velvet Light,59990
Диван Массе Bucle Galaxy,66990
Диван Массе Velvet Silver,59990
Диван Массе Velvet Coral,59990
Диван Массе Velvet Pink,59990
Диван Массе Velvet Yellow,59990
Диван Массе Velvet Olive,59990
Диван Инес Vertical Terra,39990
Диван Инес Vertical Mint,39990
Диван Инес Vertical Blue,39990
Диван Инес Vertical Grey,39990
Диван Инес Vertical Silver,39990
Диван Инес Vertical Light,39990
Диван Инес Vertical Beige,39990
Диван Милкен Velvet Sand,44990
Диван Милкен Vertical Jeans,44990
Диван Милкен Velvet Red,44990
Диван Милкен Vertical Lavender,44990
Диван Милкен Velvet Yellow,44990
Диван Милкен Velvet Mint,44990
Диван Милкен Velvet Grey,44990
Диван Лави Velvet Pink,38990
Диван Лави Velvet Smoke,38990
Диван Лави Velvet Beige,38990
Диван Лави Velvet Yellow,38990
Диван Лави Velvet Eclipse,38990
Диван Лави Velvet Terra,38990
Диван Лави Velvet Moss,38990
Диван Эрвин-2 Grey,27990
Диван Эрвин-2 Light,27990
Диван Эрвин-2 Brown,27990
Диван Эрвин-2 Black,27990
Диван Эрвин-2 White,27990
Диван Сторм Land Grey,54990
Диван Сторм Land Latte,54990
Диван Сторм Land Forest,54990
Диван Сторм Land Milk,54990
Диван Сторм Land Yellow,54990
Диван Сторм Land Terra,54990
Диван Сторм Land Silver,54990
Диван Ниса Land Light,44990
Диван Ниса Land Navy Blue,44990
Диван Ниса Land Stone,44990
Диван Ниса Land Forest,44990
Диван Ниса Land Marsala,44990
Диван Ниса Land Silver,44990
Диван Риард-2 Land Stone,38990
Диван Риард-2 Land Light,38990
Диван Риард-2 Land Marsala,38990
Диван Риард-2 Land Forest,38990
Диван Риард-2 Land Black,38990
Диван Риард-2 Land Sky,38990
Диван Боско-3 Land Yellow,49990
Диван Боско-3 Land Milk,49990
Диван Боско-3 Land Terra,49990
Диван Боско-3 Land Forest,49990
Диван Боско-3 Land Blue,49990
Диван Байма Velvet Terra,69990
Диван Тут Рядом Дом Оранжевый,72990
Диван Эби Happy Yellow,62990
Диван Маркфул Velvet Emerald,59990
Диван Бонс-Т Happy Emerald,39990
Диван Нумо Мини Textile Yellow,22990
Диван Лофт Linia Ginger,39990
Диван Бруквиль Velvet Smoke,46990
Кушетка Ринт Bucle Pink,19990
Диван Динс Мини Velvet Lime,46990
Диван Льери Мини Bucle White,66990
Диван Соланс Velvet Grey,28990
Диван Льери-1 Soft Latte,56990
Диван Тилар Textile Beige,28990
Диван Самми Velvet Beige,27990
Диван Види Textile Ocean,22990
Диван Риард-3 Land Stone,46990
Диван Кареро Time Grey,69990
Кушетка Олтен Textile Forest,34990
Диван Мира Velvet Navy Blue,30990
Диван Льери Barhat Mint,74990
Диван Риард-3 Land Light,46990
Диван Марей Soft Grey,89990
Диван Боско-3 Land Forest,49990
Диван Лонди Bucle Galaxy,50990
Диван Самми Velvet Grey,27990
Диван Самми Velvet Coral,27990
Диван Коренс-3 Happy Grey,32990
Диван Дисент Bucle White,89990
Диван Роттердам-3 Velvet Pink,30990
Диван Кускен Velvet Yellow,44990
Диван Массе Velvet Coral,59990
Диван Рон Textile Yellow,52990
Диван Массе Velvet Pink,59990
Диван Бруквиль Velvet Terra,46990
Кушетка Олтен Textile Plum,34990
Диван Динс Мини Velvet Red,46990
Диван Дисент Land Light,89990
Диван Винси Textile Gold,23990
Диван Виенсо Bucle Milk,76990
Диван Тут Рядом Космос Бежевый,109990
Диван Brera-9 Velour Caramel,69990
Диван Данста Velvet Light,59990
Диван Шилдс Textile Night,72990
Диван Роттердам Velvet Green,23990
Диван Ларонсо Bucle Shadow,86990
Диван Эби Мини Linia Silver,54990
Кушетка Ринт Bucle Yellow,19990
